puzzle_type,puzzle_idx,total_clues,original_status,original_extraction_accuracy,num_misclassified_original,correction_attempted,correction_found,attempts_to_solve,error_row,error_col,original_value,corrected_value,original_confidence,second_best_confidence,time_first_solve_attempt,time_per_correction_attempt,time_total_all_attempts,final_status,final_matches_ground_truth,ground_truth_error_positions
sudoku_4x4,0,4,solved,1.0,0,False,False,0,,,,,,,0.04701375961303711,0,0.04701375961303711,solved,True,[]
sudoku_4x4,1,5,solved,1.0,0,False,False,0,,,,,,,0.004796028137207031,0,0.004796028137207031,solved,True,[]
sudoku_4x4,2,4,solved,1.0,0,False,False,0,,,,,,,0.004726886749267578,0,0.004726886749267578,solved,True,[]
sudoku_4x4,3,4,solved,1.0,0,False,False,0,,,,,,,0.00480198860168457,0,0.00480198860168457,solved,True,[]
sudoku_4x4,4,5,solved,1.0,0,False,False,0,,,,,,,0.004545688629150391,0,0.004545688629150391,solved,True,[]
sudoku_4x4,5,3,solved,0.9375,1,False,False,0,,,,,,,0.0049207210540771484,0,0.0049207210540771484,solved,True,"[(0, 2)]"
sudoku_4x4,6,4,solved,1.0,0,False,False,0,,,,,,,0.004620790481567383,0,0.004620790481567383,solved,True,[]
sudoku_4x4,7,4,solved,1.0,0,False,False,0,,,,,,,0.004457950592041016,0,0.004457950592041016,solved,True,[]
sudoku_4x4,8,4,solved,1.0,0,False,False,0,,,,,,,0.004842042922973633,0,0.004842042922973633,solved,True,[]
sudoku_4x4,9,5,solved,1.0,0,False,False,0,,,,,,,0.004567623138427734,0,0.004567623138427734,solved,True,[]
sudoku_4x4,10,4,solved,1.0,0,False,False,0,,,,,,,0.00452113151550293,0,0.00452113151550293,solved,True,[]
sudoku_4x4,11,4,solved,1.0,0,False,False,0,,,,,,,0.0046999454498291016,0,0.0046999454498291016,solved,True,[]
sudoku_4x4,12,4,solved,1.0,0,False,False,0,,,,,,,0.004698991775512695,0,0.004698991775512695,solved,True,[]
sudoku_4x4,13,4,solved,1.0,0,False,False,0,,,,,,,0.004888057708740234,0,0.004888057708740234,solved,True,[]
sudoku_4x4,14,4,solved,1.0,0,False,False,0,,,,,,,0.0046079158782958984,0,0.0046079158782958984,solved,True,[]
sudoku_4x4,15,4,solved,1.0,0,False,False,0,,,,,,,0.004551887512207031,0,0.004551887512207031,solved,True,[]
sudoku_4x4,16,4,solved,1.0,0,False,False,0,,,,,,,0.004534006118774414,0,0.004534006118774414,solved,True,[]
sudoku_4x4,17,4,solved,1.0,0,False,False,0,,,,,,,0.004640102386474609,0,0.004640102386474609,solved,True,[]
sudoku_4x4,18,4,solved,1.0,0,False,False,0,,,,,,,0.004578113555908203,0,0.004578113555908203,solved,True,[]
sudoku_4x4,19,4,solved,1.0,0,False,False,0,,,,,,,0.00487208366394043,0,0.00487208366394043,solved,True,[]
sudoku_4x4,20,4,solved,1.0,0,False,False,0,,,,,,,0.004575014114379883,0,0.004575014114379883,solved,True,[]
sudoku_4x4,21,4,solved,1.0,0,False,False,0,,,,,,,0.004523038864135742,0,0.004523038864135742,solved,True,[]
sudoku_4x4,22,5,solved,1.0,0,False,False,0,,,,,,,0.004853010177612305,0,0.004853010177612305,solved,True,[]
sudoku_4x4,23,4,solved,1.0,0,False,False,0,,,,,,,0.004578113555908203,0,0.004578113555908203,solved,True,[]
sudoku_4x4,24,5,unsat,0.9375,1,True,False,5,,,,,,,0.002807140350341797,0.002924537658691406,0.017429828643798828,uncorrectable,False,"[(1, 0)]"
sudoku_4x4,25,5,solved,1.0,0,False,False,0,,,,,,,0.005027055740356445,0,0.005027055740356445,solved,True,[]
sudoku_4x4,26,4,solved,1.0,0,False,False,0,,,,,,,0.004639863967895508,0,0.004639863967895508,solved,True,[]
sudoku_4x4,27,4,solved,1.0,0,False,False,0,,,,,,,0.004431009292602539,0,0.004431009292602539,solved,True,[]
sudoku_4x4,28,4,solved,1.0,0,False,False,0,,,,,,,0.004565715789794922,0,0.004565715789794922,solved,True,[]
sudoku_4x4,29,4,unsat,0.875,2,True,False,4,,,,,,,0.0027201175689697266,0.002943694591522217,0.014494895935058594,uncorrectable,False,"[(0, 3), (3, 3)]"
sudoku_4x4,30,4,solved,1.0,0,False,False,0,,,,,,,0.004662036895751953,0,0.004662036895751953,solved,True,[]
sudoku_4x4,31,5,solved,1.0,0,False,False,0,,,,,,,0.00446009635925293,0,0.00446009635925293,solved,True,[]
sudoku_4x4,32,4,solved,1.0,0,False,False,0,,,,,,,0.004589080810546875,0,0.004589080810546875,solved,True,[]
sudoku_4x4,33,5,solved,1.0,0,False,False,0,,,,,,,0.004436016082763672,0,0.004436016082763672,solved,True,[]
sudoku_4x4,34,5,solved,1.0,0,False,False,0,,,,,,,0.0046389102935791016,0,0.0046389102935791016,solved,True,[]
sudoku_4x4,35,4,solved,1.0,0,False,False,0,,,,,,,0.0046520233154296875,0,0.0046520233154296875,solved,True,[]
sudoku_4x4,36,4,solved,1.0,0,False,False,0,,,,,,,0.004476070404052734,0,0.004476070404052734,solved,True,[]
sudoku_4x4,37,4,solved,1.0,0,False,False,0,,,,,,,0.0044019222259521484,0,0.0044019222259521484,solved,True,[]
sudoku_4x4,38,4,solved,1.0,0,False,False,0,,,,,,,0.004673004150390625,0,0.004673004150390625,solved,True,[]
sudoku_4x4,39,5,solved,1.0,0,False,False,0,,,,,,,0.004358053207397461,0,0.004358053207397461,solved,True,[]
sudoku_4x4,40,5,solved,1.0,0,False,False,0,,,,,,,0.0043866634368896484,0,0.0043866634368896484,solved,True,[]
sudoku_4x4,41,4,solved,0.9375,1,False,False,0,,,,,,,0.0046329498291015625,0,0.0046329498291015625,solved,True,"[(2, 3)]"
sudoku_4x4,42,4,solved,1.0,0,False,False,0,,,,,,,0.004707813262939453,0,0.004707813262939453,solved,True,[]
sudoku_4x4,43,4,solved,1.0,0,False,False,0,,,,,,,0.004597902297973633,0,0.004597902297973633,solved,True,[]
sudoku_4x4,44,5,solved,1.0,0,False,False,0,,,,,,,0.004506111145019531,0,0.004506111145019531,solved,True,[]
sudoku_4x4,45,4,solved,1.0,0,False,False,0,,,,,,,0.00455927848815918,0,0.00455927848815918,solved,True,[]
sudoku_4x4,46,5,solved,1.0,0,False,False,0,,,,,,,0.004445075988769531,0,0.004445075988769531,solved,True,[]
sudoku_4x4,47,4,unsat,0.9375,1,True,True,1,0,3,9,4,0.8561846613883972,0.1432868242263794,0.0028138160705566406,0.005163908004760742,0.007977724075317383,corrected,True,"[(0, 3)]"
sudoku_4x4,48,5,solved,1.0,0,False,False,0,,,,,,,0.004461050033569336,0,0.004461050033569336,solved,True,[]
sudoku_4x4,49,5,solved,1.0,0,False,False,0,,,,,,,0.004445791244506836,0,0.004445791244506836,solved,True,[]
sudoku_4x4,50,4,solved,1.0,0,False,False,0,,,,,,,0.004708290100097656,0,0.004708290100097656,solved,True,[]
sudoku_4x4,51,4,solved,1.0,0,False,False,0,,,,,,,0.004758119583129883,0,0.004758119583129883,solved,True,[]
sudoku_4x4,52,4,solved,1.0,0,False,False,0,,,,,,,0.0045032501220703125,0,0.0045032501220703125,solved,True,[]
sudoku_4x4,53,4,solved,1.0,0,False,False,0,,,,,,,0.004630088806152344,0,0.004630088806152344,solved,True,[]
sudoku_4x4,54,4,solved,1.0,0,False,False,0,,,,,,,0.004512786865234375,0,0.004512786865234375,solved,True,[]
sudoku_4x4,55,4,solved,1.0,0,False,False,0,,,,,,,0.004522085189819336,0,0.004522085189819336,solved,True,[]
sudoku_4x4,56,4,solved,1.0,0,False,False,0,,,,,,,0.004669189453125,0,0.004669189453125,solved,True,[]
sudoku_4x4,57,4,solved,1.0,0,False,False,0,,,,,,,0.004567861557006836,0,0.004567861557006836,solved,True,[]
sudoku_4x4,58,5,solved,1.0,0,False,False,0,,,,,,,0.004359245300292969,0,0.004359245300292969,solved,True,[]
sudoku_4x4,59,4,solved,1.0,0,False,False,0,,,,,,,0.004633903503417969,0,0.004633903503417969,solved,True,[]
sudoku_4x4,60,4,solved,1.0,0,False,False,0,,,,,,,0.004651069641113281,0,0.004651069641113281,solved,True,[]
sudoku_4x4,61,4,solved,1.0,0,False,False,0,,,,,,,0.004721164703369141,0,0.004721164703369141,solved,True,[]
sudoku_4x4,62,4,solved,1.0,0,False,False,0,,,,,,,0.0046117305755615234,0,0.0046117305755615234,solved,True,[]
sudoku_4x4,63,5,unsat,0.9375,1,True,True,1,3,0,7,1,0.8925586342811584,0.08275686204433441,0.00275421142578125,0.004534006118774414,0.007288217544555664,corrected,True,"[(3, 0)]"
sudoku_4x4,64,5,solved,1.0,0,False,False,0,,,,,,,0.004578113555908203,0,0.004578113555908203,solved,True,[]
sudoku_4x4,65,4,solved,1.0,0,False,False,0,,,,,,,0.004538774490356445,0,0.004538774490356445,solved,True,[]
sudoku_4x4,66,4,solved,1.0,0,False,False,0,,,,,,,0.004469156265258789,0,0.004469156265258789,solved,True,[]
sudoku_4x4,67,4,solved,1.0,0,False,False,0,,,,,,,0.0044879913330078125,0,0.0044879913330078125,solved,True,[]
sudoku_4x4,68,4,solved,1.0,0,False,False,0,,,,,,,0.004477977752685547,0,0.004477977752685547,solved,True,[]
sudoku_4x4,69,4,solved,1.0,0,False,False,0,,,,,,,0.004470109939575195,0,0.004470109939575195,solved,True,[]
sudoku_4x4,70,4,solved,1.0,0,False,False,0,,,,,,,0.004925251007080078,0,0.004925251007080078,solved,True,[]
sudoku_4x4,71,4,solved,1.0,0,False,False,0,,,,,,,0.00457310676574707,0,0.00457310676574707,solved,True,[]
sudoku_4x4,72,4,solved,1.0,0,False,False,0,,,,,,,0.004561901092529297,0,0.004561901092529297,solved,True,[]
sudoku_4x4,73,4,solved,1.0,0,False,False,0,,,,,,,0.004675865173339844,0,0.004675865173339844,solved,True,[]
sudoku_4x4,74,5,unsat,0.9375,1,True,True,1,1,2,7,2,0.8085537552833557,0.15486878156661987,0.0027551651000976562,0.004599094390869141,0.007354259490966797,corrected,True,"[(1, 2)]"
sudoku_4x4,75,4,solved,1.0,0,False,False,0,,,,,,,0.004642009735107422,0,0.004642009735107422,solved,True,[]
sudoku_4x4,76,4,solved,1.0,0,False,False,0,,,,,,,0.005125284194946289,0,0.005125284194946289,solved,True,[]
sudoku_4x4,77,4,unsat,0.9375,1,True,True,1,3,1,7,3,0.9996384382247925,0.0003551265981514007,0.0033769607543945312,0.00532984733581543,0.008706808090209961,corrected,True,"[(3, 1)]"
sudoku_4x4,78,4,unsat,0.9375,1,True,True,1,3,1,9,4,0.8512905836105347,0.1487025022506714,0.003100156784057617,0.004981040954589844,0.008081197738647461,corrected,True,"[(3, 1)]"
sudoku_4x4,79,4,solved,1.0,0,False,False,0,,,,,,,0.005167245864868164,0,0.005167245864868164,solved,True,[]
sudoku_4x4,80,5,solved,1.0,0,False,False,0,,,,,,,0.004865884780883789,0,0.004865884780883789,solved,True,[]
sudoku_4x4,81,4,solved,1.0,0,False,False,0,,,,,,,0.005083799362182617,0,0.005083799362182617,solved,True,[]
sudoku_4x4,82,5,solved,1.0,0,False,False,0,,,,,,,0.004962921142578125,0,0.004962921142578125,solved,True,[]
sudoku_4x4,83,4,solved,1.0,0,False,False,0,,,,,,,0.004903078079223633,0,0.004903078079223633,solved,True,[]
sudoku_4x4,84,4,solved,1.0,0,False,False,0,,,,,,,0.004996061325073242,0,0.004996061325073242,solved,True,[]
sudoku_4x4,85,5,solved,1.0,0,False,False,0,,,,,,,0.0048809051513671875,0,0.0048809051513671875,solved,True,[]
sudoku_4x4,86,4,solved,1.0,0,False,False,0,,,,,,,0.005077838897705078,0,0.005077838897705078,solved,True,[]
sudoku_4x4,87,4,solved,1.0,0,False,False,0,,,,,,,0.005563020706176758,0,0.005563020706176758,solved,True,[]
sudoku_4x4,88,4,unsat,0.9375,1,True,True,1,0,0,9,4,0.7807786464691162,0.21903018653392792,0.0031290054321289062,0.005561113357543945,0.008690118789672852,corrected,True,"[(0, 0)]"
sudoku_4x4,89,5,solved,1.0,0,False,False,0,,,,,,,0.005084991455078125,0,0.005084991455078125,solved,True,[]
sudoku_4x4,90,4,solved,1.0,0,False,False,0,,,,,,,0.005034923553466797,0,0.005034923553466797,solved,True,[]
sudoku_4x4,91,5,solved,1.0,0,False,False,0,,,,,,,0.0048809051513671875,0,0.0048809051513671875,solved,True,[]
sudoku_4x4,92,4,solved,1.0,0,False,False,0,,,,,,,0.0049190521240234375,0,0.0049190521240234375,solved,True,[]
sudoku_4x4,93,4,solved,1.0,0,False,False,0,,,,,,,0.0051119327545166016,0,0.0051119327545166016,solved,True,[]
sudoku_4x4,94,5,solved,1.0,0,False,False,0,,,,,,,0.004498004913330078,0,0.004498004913330078,solved,True,[]
sudoku_4x4,95,5,solved,1.0,0,False,False,0,,,,,,,0.00454401969909668,0,0.00454401969909668,solved,True,[]
sudoku_4x4,96,4,solved,1.0,0,False,False,0,,,,,,,0.00571894645690918,0,0.00571894645690918,solved,True,[]
sudoku_4x4,97,4,solved,1.0,0,False,False,0,,,,,,,0.006078004837036133,0,0.006078004837036133,solved,True,[]
sudoku_4x4,98,5,solved,1.0,0,False,False,0,,,,,,,0.004884004592895508,0,0.004884004592895508,solved,True,[]
sudoku_4x4,99,4,solved,1.0,0,False,False,0,,,,,,,0.004676103591918945,0,0.004676103591918945,solved,True,[]
sudoku_9x9,0,24,solved,1.0,0,False,False,0,,,,,,,0.08577203750610352,0,0.08577203750610352,solved,True,[]
sudoku_9x9,1,24,unsat,0.9876543209876543,1,True,True,2,2,8,9,7,0.9743379950523376,0.017095793038606644,0.013286113739013672,0.03974103927612305,0.09276819229125977,corrected,True,"[(2, 8)]"
sudoku_9x9,2,23,unsat,0.9876543209876543,1,True,True,1,3,3,9,5,0.6968092322349548,0.15840540826320648,0.010596036911010742,0.18713903427124023,0.19773507118225098,wrong_correction,False,"[(3, 3)]"
sudoku_9x9,3,24,solved,1.0,0,False,False,0,,,,,,,0.22310781478881836,0,0.22310781478881836,solved,True,[]
sudoku_9x9,4,25,unsat,0.9753086419753086,2,True,False,25,,,,,,,0.010789871215820312,0.010640344619750976,0.2767984867095947,uncorrectable,False,"[(2, 6), (8, 4)]"
sudoku_9x9,5,24,solved,1.0,0,False,False,0,,,,,,,0.10551810264587402,0,0.10551810264587402,solved,True,[]
sudoku_9x9,6,25,solved,1.0,0,False,False,0,,,,,,,0.120819091796875,0,0.120819091796875,solved,True,[]
sudoku_9x9,7,26,wrong_solution,0.9876543209876543,1,True,True,1,2,6,2,7,0.9889740943908691,0.011025713756680489,0.06718897819519043,0.11844515800476074,0.18563413619995117,corrected,True,"[(2, 6)]"
sudoku_9x9,8,25,solved,1.0,0,False,False,0,,,,,,,0.10478997230529785,0,0.10478997230529785,solved,True,[]
sudoku_9x9,9,25,solved,1.0,0,False,False,0,,,,,,,0.11310219764709473,0,0.11310219764709473,solved,True,[]
sudoku_9x9,10,24,solved,1.0,0,False,False,0,,,,,,,0.05505084991455078,0,0.05505084991455078,solved,True,[]
sudoku_9x9,11,24,solved,1.0,0,False,False,0,,,,,,,0.07254195213317871,0,0.07254195213317871,solved,True,[]
sudoku_9x9,12,26,wrong_solution,0.9876543209876543,1,True,True,1,4,4,3,5,0.9608075618743896,0.03919240087270737,0.053955078125,0.07671761512756348,0.13067269325256348,corrected,True,"[(4, 4)]"
sudoku_9x9,13,24,wrong_solution,0.9876543209876543,1,True,True,1,1,6,8,6,0.965848445892334,0.02871360257267952,0.07408308982849121,0.20637798309326172,0.28046107292175293,corrected,True,"[(1, 6)]"
sudoku_9x9,14,24,solved,1.0,0,False,False,0,,,,,,,0.1732170581817627,0,0.1732170581817627,solved,True,[]
sudoku_9x9,15,23,solved,1.0,0,False,False,0,,,,,,,0.17542290687561035,0,0.17542290687561035,solved,True,[]
sudoku_9x9,16,22,solved,1.0,0,False,False,0,,,,,,,0.19975495338439941,0,0.19975495338439941,solved,True,[]
sudoku_9x9,17,24,solved,1.0,0,False,False,0,,,,,,,0.1146240234375,0,0.1146240234375,solved,True,[]
sudoku_9x9,18,26,solved,1.0,0,False,False,0,,,,,,,0.08162283897399902,0,0.08162283897399902,solved,True,[]
sudoku_9x9,19,26,solved,1.0,0,False,False,0,,,,,,,0.1349778175354004,0,0.1349778175354004,solved,True,[]
sudoku_9x9,20,25,unsat,0.9876543209876543,1,True,True,1,4,1,3,5,0.9608075618743896,0.03919240087270737,0.010739803314208984,0.15467023849487305,0.16541004180908203,corrected,True,"[(4, 1)]"
sudoku_9x9,21,26,solved,1.0,0,False,False,0,,,,,,,0.16240596771240234,0,0.16240596771240234,solved,True,[]
sudoku_9x9,22,25,solved,1.0,0,False,False,0,,,,,,,0.11181998252868652,0,0.11181998252868652,solved,True,[]
sudoku_9x9,23,22,unsat,0.9876543209876543,1,True,True,1,1,3,9,5,0.9859470129013062,0.014043360017240047,0.010705947875976562,0.148970365524292,0.15967631340026855,corrected,True,"[(1, 3)]"
sudoku_9x9,24,26,solved,1.0,0,False,False,0,,,,,,,0.1406099796295166,0,0.1406099796295166,solved,True,[]
sudoku_9x9,25,24,solved,1.0,0,False,False,0,,,,,,,0.1018669605255127,0,0.1018669605255127,solved,True,[]
sudoku_9x9,26,24,solved,1.0,0,False,False,0,,,,,,,0.0942070484161377,0,0.0942070484161377,solved,True,[]
sudoku_9x9,27,24,solved,1.0,0,False,False,0,,,,,,,0.07626128196716309,0,0.07626128196716309,solved,True,[]
sudoku_9x9,28,22,solved,1.0,0,False,False,0,,,,,,,0.3588850498199463,0,0.3588850498199463,solved,True,[]
sudoku_9x9,29,22,solved,1.0,0,False,False,0,,,,,,,0.11668896675109863,0,0.11668896675109863,solved,True,[]
sudoku_9x9,30,27,unsat,0.9753086419753086,2,True,False,27,,,,,,,0.011025190353393555,0.010680428257694951,0.2993967533111572,uncorrectable,False,"[(3, 5), (8, 6)]"
sudoku_9x9,31,25,solved,1.0,0,False,False,0,,,,,,,0.09936785697937012,0,0.09936785697937012,solved,True,[]
sudoku_9x9,32,26,solved,1.0,0,False,False,0,,,,,,,0.07984519004821777,0,0.07984519004821777,solved,True,[]
sudoku_9x9,33,24,solved,1.0,0,False,False,0,,,,,,,0.17129874229431152,0,0.17129874229431152,solved,True,[]
sudoku_9x9,34,24,solved,1.0,0,False,False,0,,,,,,,0.1638641357421875,0,0.1638641357421875,solved,True,[]
sudoku_9x9,35,24,solved,1.0,0,False,False,0,,,,,,,0.11930489540100098,0,0.11930489540100098,solved,True,[]
sudoku_9x9,36,26,solved,1.0,0,False,False,0,,,,,,,0.1414201259613037,0,0.1414201259613037,solved,True,[]
sudoku_9x9,37,22,solved,1.0,0,False,False,0,,,,,,,0.18781208992004395,0,0.18781208992004395,solved,True,[]
sudoku_9x9,38,25,solved,1.0,0,False,False,0,,,,,,,0.13480401039123535,0,0.13480401039123535,solved,True,[]
sudoku_9x9,39,24,solved,1.0,0,False,False,0,,,,,,,0.18050885200500488,0,0.18050885200500488,solved,True,[]
sudoku_9x9,40,25,solved,1.0,0,False,False,0,,,,,,,0.08570718765258789,0,0.08570718765258789,solved,True,[]
sudoku_9x9,41,25,wrong_solution,0.9876543209876543,1,True,True,1,3,2,9,4,0.7274554967880249,0.2719971239566803,0.11581683158874512,0.08816933631896973,0.20398616790771484,corrected,True,"[(3, 2)]"
sudoku_9x9,42,25,solved,1.0,0,False,False,0,,,,,,,0.1365041732788086,0,0.1365041732788086,solved,True,[]
sudoku_9x9,43,23,wrong_solution,0.9876543209876543,1,True,True,1,7,8,9,5,0.9859470129013062,0.014043360017240047,0.3294370174407959,0.27160191535949707,0.601038932800293,corrected,True,"[(7, 8)]"
sudoku_9x9,44,24,wrong_solution,0.9876543209876543,1,True,True,1,5,2,5,3,0.9964630007743835,0.0035369344986975193,0.15599894523620605,0.14879083633422852,0.30478978157043457,corrected,True,"[(5, 2)]"
sudoku_9x9,45,23,solved,1.0,0,False,False,0,,,,,,,0.19823265075683594,0,0.19823265075683594,solved,True,[]
sudoku_9x9,46,25,solved,1.0,0,False,False,0,,,,,,,0.11828804016113281,0,0.11828804016113281,solved,True,[]
sudoku_9x9,47,24,solved,1.0,0,False,False,0,,,,,,,0.14699316024780273,0,0.14699316024780273,solved,True,[]
sudoku_9x9,48,24,unsat,0.9876543209876543,1,True,True,1,6,0,5,6,0.9726089239120483,0.027369102463126183,0.01085972785949707,0.17615199089050293,0.18701171875,corrected,True,"[(6, 0)]"
sudoku_9x9,49,24,solved,1.0,0,False,False,0,,,,,,,0.07931280136108398,0,0.07931280136108398,solved,True,[]
sudoku_9x9,50,25,solved,1.0,0,False,False,0,,,,,,,0.043779611587524414,0,0.043779611587524414,solved,True,[]
sudoku_9x9,51,24,solved,1.0,0,False,False,0,,,,,,,0.15792298316955566,0,0.15792298316955566,solved,True,[]
sudoku_9x9,52,25,solved,1.0,0,False,False,0,,,,,,,0.12242794036865234,0,0.12242794036865234,solved,True,[]
sudoku_9x9,53,23,solved,1.0,0,False,False,0,,,,,,,0.1572129726409912,0,0.1572129726409912,solved,True,[]
sudoku_9x9,54,25,solved,1.0,0,False,False,0,,,,,,,0.0700070858001709,0,0.0700070858001709,solved,True,[]
sudoku_9x9,55,22,unsat,0.9876543209876543,1,True,True,1,5,6,4,9,0.527091920375824,0.47205179929733276,0.010780811309814453,0.16824007034301758,0.17902088165283203,corrected,True,"[(5, 6)]"
sudoku_9x9,56,25,solved,1.0,0,False,False,0,,,,,,,0.09153199195861816,0,0.09153199195861816,solved,True,[]
sudoku_9x9,57,24,solved,1.0,0,False,False,0,,,,,,,0.1620957851409912,0,0.1620957851409912,solved,True,[]
sudoku_9x9,58,24,solved,1.0,0,False,False,0,,,,,,,0.14620089530944824,0,0.14620089530944824,solved,True,[]
sudoku_9x9,59,25,solved,1.0,0,False,False,0,,,,,,,0.06960582733154297,0,0.06960582733154297,solved,True,[]
sudoku_9x9,60,24,solved,1.0,0,False,False,0,,,,,,,0.16301202774047852,0,0.16301202774047852,solved,True,[]
sudoku_9x9,61,24,unsat,0.9876543209876543,1,True,True,2,2,1,5,6,0.9726089239120483,0.027369102463126183,0.01215815544128418,0.05021929740905762,0.11259675025939941,corrected,True,"[(2, 1)]"
sudoku_9x9,62,26,solved,1.0,0,False,False,0,,,,,,,0.10123491287231445,0,0.10123491287231445,solved,True,[]
sudoku_9x9,63,24,solved,1.0,0,False,False,0,,,,,,,0.15697908401489258,0,0.15697908401489258,solved,True,[]
sudoku_9x9,64,22,solved,1.0,0,False,False,0,,,,,,,0.14246392250061035,0,0.14246392250061035,solved,True,[]
sudoku_9x9,65,25,solved,1.0,0,False,False,0,,,,,,,0.137315034866333,0,0.137315034866333,solved,True,[]
sudoku_9x9,66,25,solved,1.0,0,False,False,0,,,,,,,0.1454331874847412,0,0.1454331874847412,solved,True,[]
sudoku_9x9,67,23,solved,1.0,0,False,False,0,,,,,,,0.08957099914550781,0,0.08957099914550781,solved,True,[]
sudoku_9x9,68,24,solved,1.0,0,False,False,0,,,,,,,0.20243597030639648,0,0.20243597030639648,solved,True,[]
sudoku_9x9,69,25,wrong_solution,0.9876543209876543,1,True,True,1,0,3,7,2,0.5336148738861084,0.4663851261138916,0.1543290615081787,0.20123004913330078,0.3555591106414795,corrected,True,"[(0, 3)]"
sudoku_9x9,70,25,wrong_solution,0.9876543209876543,1,True,True,1,5,7,1,9,0.9153758883476257,0.08318329602479935,0.06678080558776855,0.10354995727539062,0.17033076286315918,corrected,True,"[(5, 7)]"
sudoku_9x9,71,25,solved,1.0,0,False,False,0,,,,,,,0.07672715187072754,0,0.07672715187072754,solved,True,[]
sudoku_9x9,72,23,unsat,0.9753086419753086,2,True,False,23,,,,,,,0.010692119598388672,0.01100084056024966,0.26371145248413086,uncorrectable,False,"[(1, 7), (8, 1)]"
sudoku_9x9,73,24,unsat,0.9753086419753086,2,True,False,24,,,,,,,0.010894775390625,0.010635683933893839,0.26615118980407715,uncorrectable,False,"[(5, 6), (7, 6)]"
sudoku_9x9,74,25,solved,1.0,0,False,False,0,,,,,,,0.05644106864929199,0,0.05644106864929199,solved,True,[]
sudoku_9x9,75,22,solved,1.0,0,False,False,0,,,,,,,0.23847579956054688,0,0.23847579956054688,solved,True,[]
sudoku_9x9,76,22,unsat,0.9876543209876543,1,True,True,1,2,7,9,4,0.7251467108726501,0.274852991104126,0.021088838577270508,0.1593306064605713,0.1804194450378418,corrected,True,"[(2, 7)]"
sudoku_9x9,77,25,solved,1.0,0,False,False,0,,,,,,,0.0853271484375,0,0.0853271484375,solved,True,[]
sudoku_9x9,78,25,solved,1.0,0,False,False,0,,,,,,,0.16293025016784668,0,0.16293025016784668,solved,True,[]
sudoku_9x9,79,24,solved,1.0,0,False,False,0,,,,,,,0.10845327377319336,0,0.10845327377319336,solved,True,[]
sudoku_9x9,80,26,solved,1.0,0,False,False,0,,,,,,,0.05955314636230469,0,0.05955314636230469,solved,True,[]
sudoku_9x9,81,24,solved,1.0,0,False,False,0,,,,,,,0.12391519546508789,0,0.12391519546508789,solved,True,[]
sudoku_9x9,82,23,solved,1.0,0,False,False,0,,,,,,,0.05754542350769043,0,0.05754542350769043,solved,True,[]
sudoku_9x9,83,23,solved,1.0,0,False,False,0,,,,,,,0.19989490509033203,0,0.19989490509033203,solved,True,[]
sudoku_9x9,84,24,solved,1.0,0,False,False,0,,,,,,,0.15652823448181152,0,0.15652823448181152,solved,True,[]
sudoku_9x9,85,24,unsat,0.9876543209876543,1,True,True,1,3,3,3,9,0.8931318521499634,0.08483386039733887,0.010745048522949219,0.16739296913146973,0.17813801765441895,corrected,True,"[(3, 3)]"
sudoku_9x9,86,25,solved,1.0,0,False,False,0,,,,,,,0.21421504020690918,0,0.21421504020690918,solved,True,[]
sudoku_9x9,87,26,solved,1.0,0,False,False,0,,,,,,,0.1172480583190918,0,0.1172480583190918,solved,True,[]
sudoku_9x9,88,24,solved,1.0,0,False,False,0,,,,,,,0.06527018547058105,0,0.06527018547058105,solved,True,[]
sudoku_9x9,89,25,unsat,0.9876543209876543,1,True,True,1,1,2,5,3,0.5526542663574219,0.4473443925380707,0.010859012603759766,0.10376119613647461,0.11462020874023438,corrected,True,"[(1, 2)]"
sudoku_9x9,90,25,solved,1.0,0,False,False,0,,,,,,,0.0825347900390625,0,0.0825347900390625,solved,True,[]
sudoku_9x9,91,24,solved,1.0,0,False,False,0,,,,,,,0.06587386131286621,0,0.06587386131286621,solved,True,[]
sudoku_9x9,92,25,solved,1.0,0,False,False,0,,,,,,,0.07136797904968262,0,0.07136797904968262,solved,True,[]
sudoku_9x9,93,26,solved,1.0,0,False,False,0,,,,,,,0.1293942928314209,0,0.1293942928314209,solved,True,[]
sudoku_9x9,94,25,unsat,0.9876543209876543,1,True,True,1,7,3,3,5,0.9259206652641296,0.07398825883865356,0.010773181915283203,0.16737699508666992,0.17815017700195312,corrected,True,"[(7, 3)]"
sudoku_9x9,95,24,solved,1.0,0,False,False,0,,,,,,,0.1388561725616455,0,0.1388561725616455,solved,True,[]
sudoku_9x9,96,25,wrong_solution,0.9876543209876543,1,True,True,2,0,6,9,7,0.784232497215271,0.13105744123458862,0.07602691650390625,0.10722458362579346,0.29047608375549316,corrected,True,"[(0, 6)]"
sudoku_9x9,97,25,solved,1.0,0,False,False,0,,,,,,,0.23865604400634766,0,0.23865604400634766,solved,True,[]
sudoku_9x9,98,25,solved,1.0,0,False,False,0,,,,,,,0.18714594841003418,0,0.18714594841003418,solved,True,[]
sudoku_9x9,99,24,wrong_solution,0.9876543209876543,1,True,True,1,1,3,9,7,0.784232497215271,0.13105744123458862,0.21594691276550293,0.15897917747497559,0.3749260902404785,corrected,True,"[(1, 3)]"
hexasudoku_16x16,0,120,unsat,0.98046875,5,True,False,50,,,,,,,0.034975290298461914,0.03377447605133057,1.7236990928649902,uncorrectable,False,"[(5, 12), (5, 15), (7, 10), (11, 0), (12, 0)]"
hexasudoku_16x16,1,120,unsat,0.98828125,3,True,False,50,,,,,,,0.03530287742614746,0.03374786376953125,1.72269606590271,uncorrectable,False,"[(2, 6), (5, 13), (14, 0)]"
hexasudoku_16x16,2,120,unsat,0.99609375,1,True,True,1,9,15,12,14,0.6052111387252808,0.3947882056236267,0.03543591499328613,0.4896810054779053,0.5251169204711914,corrected,True,"[(9, 15)]"
hexasudoku_16x16,3,120,unsat,0.984375,4,True,False,50,,,,,,,0.034461021423339844,0.03390632629394531,1.7297773361206055,uncorrectable,False,"[(0, 13), (1, 6), (9, 8), (10, 13)]"
hexasudoku_16x16,4,120,unsat,0.9921875,2,True,False,50,,,,,,,0.034999847412109375,0.03362494945526123,1.716247320175171,uncorrectable,False,"[(7, 15), (13, 1)]"
hexasudoku_16x16,5,120,unsat,0.9921875,2,True,False,50,,,,,,,0.03624892234802246,0.03541345596313476,1.8069217205047607,uncorrectable,False,"[(3, 3), (9, 9)]"
hexasudoku_16x16,6,120,unsat,0.9921875,2,True,False,50,,,,,,,0.03492093086242676,0.03415476322174072,1.742659091949463,uncorrectable,False,"[(0, 7), (12, 1)]"
hexasudoku_16x16,7,120,unsat,0.9921875,2,True,False,50,,,,,,,0.03483891487121582,0.03379475116729736,1.724576473236084,uncorrectable,False,"[(6, 12), (13, 10)]"
hexasudoku_16x16,8,120,unsat,0.99609375,1,True,True,1,5,1,8,3,0.7847785949707031,0.18727989494800568,0.03663277626037598,0.6797587871551514,0.7163915634155273,corrected,True,"[(5, 1)]"
hexasudoku_16x16,9,120,unsat,0.99609375,1,True,True,3,14,10,1,15,0.9661766886711121,0.03361367806792259,0.035143136978149414,0.18380165100097656,0.5865480899810791,corrected,True,"[(14, 10)]"
hexasudoku_16x16,10,120,unsat,0.984375,4,True,False,50,,,,,,,0.03416609764099121,0.03352238655090332,1.7102854251861572,uncorrectable,False,"[(1, 14), (4, 6), (6, 14), (10, 15)]"
hexasudoku_16x16,11,120,unsat,0.99609375,1,True,False,50,,,,,,,0.03560280799865723,0.035136351585388186,1.7924203872680664,uncorrectable,False,"[(0, 9)]"
hexasudoku_16x16,12,120,unsat,0.9921875,2,True,False,50,,,,,,,0.11094999313354492,0.04905533313751221,2.5637166500091553,uncorrectable,False,"[(3, 3), (6, 10)]"
hexasudoku_16x16,13,120,unsat,0.98828125,3,True,False,50,,,,,,,0.03529477119445801,0.034180855751037596,1.744337558746338,uncorrectable,False,"[(6, 15), (9, 8), (15, 9)]"
hexasudoku_16x16,14,120,unsat,0.98046875,5,True,False,50,,,,,,,0.034390926361083984,0.033316216468811034,1.7002017498016357,uncorrectable,False,"[(0, 15), (1, 3), (1, 15), (2, 9), (12, 12)]"
hexasudoku_16x16,15,120,unsat,0.9921875,2,True,True,14,10,11,6,16,0.9999192953109741,8.065599104156718e-05,0.13177776336669922,0.05737742355891636,0.9350616931915283,wrong_correction,False,"[(2, 12), (10, 11)]"
hexasudoku_16x16,16,120,unsat,0.984375,4,True,False,50,,,,,,,0.034536123275756836,0.033691201210021976,1.7190961837768555,uncorrectable,False,"[(3, 11), (5, 0), (8, 10), (12, 2)]"
hexasudoku_16x16,17,120,unsat,0.98828125,3,True,False,50,,,,,,,0.03462505340576172,0.033460016250610354,1.7076258659362793,uncorrectable,False,"[(3, 6), (8, 10), (13, 4)]"
hexasudoku_16x16,18,120,unsat,0.9921875,2,True,False,50,,,,,,,0.03495502471923828,0.03358399391174317,1.7141547203063965,uncorrectable,False,"[(9, 7), (10, 9)]"
hexasudoku_16x16,19,120,unsat,0.98828125,3,True,False,50,,,,,,,0.03640913963317871,0.03359405517578125,1.7161118984222412,uncorrectable,False,"[(5, 6), (6, 12), (11, 13)]"
hexasudoku_16x16,20,120,unsat,0.98046875,5,True,False,50,,,,,,,0.07652616500854492,0.047207517623901366,2.4369020462036133,uncorrectable,False,"[(1, 1), (7, 12), (8, 0), (14, 6), (15, 15)]"
hexasudoku_16x16,21,120,unsat,0.98828125,3,True,False,50,,,,,,,0.03471684455871582,0.0343532133102417,1.7523775100708008,uncorrectable,False,"[(5, 3), (7, 6), (15, 6)]"
hexasudoku_16x16,22,120,unsat,0.99609375,1,True,True,1,0,12,12,16,0.8916817903518677,0.10831578075885773,0.03465104103088379,0.3600010871887207,0.3946521282196045,corrected,True,"[(0, 12)]"
hexasudoku_16x16,23,120,solved,1.0,0,False,False,0,,,,,,,0.31702089309692383,0,0.31702089309692383,solved,True,[]
hexasudoku_16x16,24,120,unsat,0.98046875,5,True,False,50,,,,,,,0.034620046615600586,0.03600069046020508,1.8346545696258545,uncorrectable,False,"[(0, 14), (5, 13), (10, 1), (12, 6), (14, 9)]"
hexasudoku_16x16,25,120,unsat,0.984375,4,True,False,50,,,,,,,0.03507590293884277,0.03478367805480957,1.7742598056793213,uncorrectable,False,"[(2, 8), (3, 2), (5, 13), (10, 3)]"
hexasudoku_16x16,26,120,solved,1.0,0,False,False,0,,,,,,,0.3805859088897705,0,0.3805859088897705,solved,True,[]
hexasudoku_16x16,27,120,unsat,0.9921875,2,True,False,50,,,,,,,0.03430819511413574,0.03349109649658203,1.7088630199432373,uncorrectable,False,"[(4, 3), (9, 3)]"
hexasudoku_16x16,28,120,unsat,0.9921875,2,True,False,50,,,,,,,0.0343780517578125,0.03346711158752441,1.7077336311340332,uncorrectable,False,"[(6, 8), (14, 7)]"
hexasudoku_16x16,29,120,unsat,0.98828125,3,True,False,50,,,,,,,0.03474116325378418,0.03478196144104004,1.7738392353057861,uncorrectable,False,"[(4, 6), (5, 9), (11, 13)]"
hexasudoku_16x16,30,120,unsat,0.99609375,1,True,True,1,13,3,15,10,0.8555360436439514,0.14445310831069946,0.03526616096496582,0.41025519371032715,0.44552135467529297,corrected,True,"[(13, 3)]"
hexasudoku_16x16,31,120,unsat,0.9921875,2,True,False,50,,,,,,,0.03612780570983887,0.03614514350891113,1.8433849811553955,uncorrectable,False,"[(4, 6), (15, 13)]"
hexasudoku_16x16,32,120,unsat,0.98828125,3,True,False,50,,,,,,,0.03466987609863281,0.03349316120147705,1.7093279361724854,uncorrectable,False,"[(4, 6), (7, 5), (8, 4)]"
hexasudoku_16x16,33,120,unsat,0.9921875,2,True,False,50,,,,,,,0.03502297401428223,0.0340043830871582,1.7352421283721924,uncorrectable,False,"[(5, 4), (9, 15)]"
hexasudoku_16x16,34,120,unsat,0.98828125,3,True,False,50,,,,,,,0.035192251205444336,0.03368878364562988,1.7196314334869385,uncorrectable,False,"[(1, 9), (9, 10), (13, 9)]"
hexasudoku_16x16,35,120,unsat,0.9765625,6,True,False,50,,,,,,,0.0343630313873291,0.03381265163421631,1.7249956130981445,uncorrectable,False,"[(2, 4), (2, 12), (4, 4), (5, 0), (7, 3), (7, 9)]"
hexasudoku_16x16,36,120,unsat,0.9921875,2,True,False,50,,,,,,,0.03476881980895996,0.0339537239074707,1.7324550151824951,uncorrectable,False,"[(5, 9), (10, 6)]"
hexasudoku_16x16,37,120,unsat,0.98828125,3,True,False,50,,,,,,,0.03466296195983887,0.033581900596618655,1.7137579917907715,uncorrectable,False,"[(5, 5), (9, 7), (12, 3)]"
hexasudoku_16x16,38,120,unsat,0.99609375,1,True,True,1,12,10,9,16,0.5124680995941162,0.4875265061855316,0.03475618362426758,0.5369899272918701,0.5717461109161377,corrected,True,"[(12, 10)]"
hexasudoku_16x16,39,120,unsat,0.9921875,2,True,False,50,,,,,,,0.035201072692871094,0.034155573844909665,1.7429797649383545,uncorrectable,False,"[(14, 12), (15, 3)]"
hexasudoku_16x16,40,120,solved,1.0,0,False,False,0,,,,,,,0.3921849727630615,0,0.3921849727630615,solved,True,[]
hexasudoku_16x16,41,120,unsat,0.9765625,6,True,False,50,,,,,,,0.03407430648803711,0.033164896965026856,1.6923191547393799,uncorrectable,False,"[(0, 2), (6, 1), (6, 15), (9, 14), (9, 15), (13, 9)]"
hexasudoku_16x16,42,120,unsat,0.98828125,3,True,False,50,,,,,,,0.034622907638549805,0.03362745761871338,1.7159957885742188,uncorrectable,False,"[(6, 11), (8, 4), (15, 2)]"
hexasudoku_16x16,43,120,solved,1.0,0,False,False,0,,,,,,,0.28189516067504883,0,0.28189516067504883,solved,True,[]
hexasudoku_16x16,44,120,unsat,0.98828125,3,True,False,50,,,,,,,0.03815793991088867,0.03785637855529785,1.9309768676757812,uncorrectable,False,"[(5, 2), (14, 9), (15, 13)]"
hexasudoku_16x16,45,120,unsat,0.98828125,3,True,False,50,,,,,,,0.03722190856933594,0.03599331855773926,1.8368878364562988,uncorrectable,False,"[(13, 2), (13, 14), (14, 6)]"
hexasudoku_16x16,46,120,unsat,0.9921875,2,True,False,50,,,,,,,0.03660416603088379,0.03477140426635742,1.7751743793487549,uncorrectable,False,"[(6, 5), (11, 9)]"
hexasudoku_16x16,47,120,unsat,0.99609375,1,True,False,50,,,,,,,0.03689217567443848,0.03475028991699219,1.7744066715240479,uncorrectable,False,"[(13, 2)]"
hexasudoku_16x16,48,120,unsat,0.98828125,3,True,False,50,,,,,,,0.03475809097290039,0.0391279411315918,1.9911551475524902,uncorrectable,False,"[(3, 15), (4, 3), (4, 9)]"
hexasudoku_16x16,49,120,unsat,0.99609375,1,True,True,1,15,10,9,16,0.7879969477653503,0.21200257539749146,0.0360722541809082,0.5601639747619629,0.5962362289428711,corrected,True,"[(15, 10)]"
hexasudoku_16x16,50,120,unsat,0.9765625,6,True,False,50,,,,,,,0.036461830139160156,0.03453984260559082,1.7634539604187012,uncorrectable,False,"[(0, 2), (3, 2), (4, 9), (8, 15), (10, 3), (13, 4)]"
hexasudoku_16x16,51,120,unsat,0.984375,4,True,False,50,,,,,,,0.03497028350830078,0.033809542655944824,1.725447416305542,uncorrectable,False,"[(0, 5), (2, 2), (8, 14), (10, 7)]"
hexasudoku_16x16,52,120,unsat,0.9921875,2,True,False,50,,,,,,,0.034726858139038086,0.038463687896728514,1.9579112529754639,uncorrectable,False,"[(0, 14), (11, 0)]"
hexasudoku_16x16,53,120,unsat,0.99609375,1,True,True,7,10,1,4,15,0.9524948596954346,0.046676479279994965,0.03566384315490723,0.12275896753583636,0.8949766159057617,corrected,True,"[(10, 1)]"
hexasudoku_16x16,54,120,unsat,0.98828125,3,True,False,50,,,,,,,0.03543400764465332,0.034124507904052734,1.74165940284729,uncorrectable,False,"[(1, 6), (10, 8), (14, 5)]"
hexasudoku_16x16,55,120,unsat,0.99609375,1,True,True,2,14,4,12,16,0.9322842359542847,0.05847160890698433,0.0361638069152832,0.3394598960876465,0.7150835990905762,corrected,True,"[(14, 4)]"
hexasudoku_16x16,56,120,unsat,0.98828125,3,True,False,50,,,,,,,0.03666567802429199,0.036332530975341795,1.8532922267913818,uncorrectable,False,"[(1, 7), (10, 13), (13, 11)]"
hexasudoku_16x16,57,120,unsat,0.98828125,3,True,False,50,,,,,,,0.036459922790527344,0.03532817363739014,1.8028686046600342,uncorrectable,False,"[(1, 9), (1, 11), (2, 13)]"
hexasudoku_16x16,58,120,solved,1.0,0,False,False,0,,,,,,,0.6813030242919922,0,0.6813030242919922,solved,True,[]
hexasudoku_16x16,59,120,unsat,0.98046875,5,True,False,50,,,,,,,0.03668999671936035,0.03581791877746582,1.8275859355926514,uncorrectable,False,"[(0, 10), (9, 8), (11, 3), (11, 7), (13, 14)]"
hexasudoku_16x16,60,120,unsat,0.984375,4,True,False,50,,,,,,,0.037106990814208984,0.035456995964050296,1.8099567890167236,uncorrectable,False,"[(1, 15), (8, 9), (11, 6), (13, 6)]"
hexasudoku_16x16,61,120,unsat,0.99609375,1,True,True,1,4,11,7,8,0.8093089461326599,0.18455035984516144,0.03631782531738281,0.5088503360748291,0.5451681613922119,corrected,True,"[(4, 11)]"
hexasudoku_16x16,62,120,solved,1.0,0,False,False,0,,,,,,,0.8761060237884521,0,0.8761060237884521,solved,True,[]
hexasudoku_16x16,63,120,unsat,0.9921875,2,True,False,50,,,,,,,0.03700113296508789,0.0363859748840332,1.856299877166748,uncorrectable,False,"[(11, 0), (11, 6)]"
hexasudoku_16x16,64,120,unsat,0.99609375,1,True,True,1,6,0,6,11,0.5514926910400391,0.4484112560749054,0.03693509101867676,0.337233304977417,0.37416839599609375,corrected,True,"[(6, 0)]"
hexasudoku_16x16,65,120,unsat,0.99609375,1,True,True,1,9,8,10,14,0.5742647051811218,0.42482301592826843,0.03833913803100586,0.3576178550720215,0.39595699310302734,corrected,True,"[(9, 8)]"
hexasudoku_16x16,66,120,unsat,0.9921875,2,True,False,50,,,,,,,0.03697705268859863,0.044308500289916994,2.2524020671844482,uncorrectable,False,"[(3, 6), (15, 3)]"
hexasudoku_16x16,67,120,unsat,0.98046875,5,True,False,50,,,,,,,0.03664112091064453,0.0354695463180542,1.8101184368133545,uncorrectable,False,"[(1, 4), (10, 5), (10, 9), (12, 0), (12, 6)]"
hexasudoku_16x16,68,120,unsat,0.98046875,5,True,False,50,,,,,,,0.03653717041015625,0.034965953826904296,1.784834861755371,uncorrectable,False,"[(0, 4), (0, 15), (1, 14), (3, 12), (11, 15)]"
hexasudoku_16x16,69,120,unsat,0.98828125,3,True,False,50,,,,,,,0.037153005599975586,0.035732393264770505,1.823772668838501,uncorrectable,False,"[(3, 9), (8, 11), (12, 6)]"
hexasudoku_16x16,70,120,unsat,0.9921875,2,True,False,50,,,,,,,0.03631305694580078,0.03552282810211182,1.8124544620513916,uncorrectable,False,"[(0, 12), (13, 12)]"
hexasudoku_16x16,71,120,unsat,0.98828125,3,True,False,50,,,,,,,0.037232160568237305,0.035597400665283205,1.8171021938323975,uncorrectable,False,"[(5, 7), (11, 11), (12, 15)]"
hexasudoku_16x16,72,120,solved,1.0,0,False,False,0,,,,,,,0.5277597904205322,0,0.5277597904205322,solved,True,[]
hexasudoku_16x16,73,120,unsat,0.984375,4,True,False,50,,,,,,,0.036390066146850586,0.03572455406188965,1.822617769241333,uncorrectable,False,"[(1, 1), (6, 2), (9, 12), (11, 15)]"
hexasudoku_16x16,74,120,unsat,0.98828125,3,True,False,50,,,,,,,0.03706860542297363,0.037251243591308596,1.8996307849884033,uncorrectable,False,"[(11, 5), (13, 10), (15, 0)]"
hexasudoku_16x16,75,120,solved,1.0,0,False,False,0,,,,,,,0.48122191429138184,0,0.48122191429138184,solved,True,[]
hexasudoku_16x16,76,120,unsat,0.98828125,3,True,False,50,,,,,,,0.09136009216308594,0.05130364418029785,2.6565423011779785,uncorrectable,False,"[(2, 12), (7, 1), (10, 6)]"
hexasudoku_16x16,77,120,unsat,0.98828125,3,True,False,50,,,,,,,0.03636789321899414,0.03772623062133789,1.9226794242858887,uncorrectable,False,"[(8, 4), (10, 11), (13, 9)]"
hexasudoku_16x16,78,120,unsat,0.9921875,2,True,False,50,,,,,,,0.03609013557434082,0.035118408203125,1.7920105457305908,uncorrectable,False,"[(0, 11), (3, 3)]"
hexasudoku_16x16,79,120,unsat,0.98828125,3,True,False,50,,,,,,,0.035060882568359375,0.035298328399658206,1.7999773025512695,uncorrectable,False,"[(1, 14), (5, 12), (12, 6)]"
hexasudoku_16x16,80,120,unsat,0.99609375,1,True,True,3,14,12,10,16,0.9080440402030945,0.09187227487564087,0.03780508041381836,0.22319372495015463,0.7073862552642822,corrected,True,"[(14, 12)]"
hexasudoku_16x16,81,120,unsat,0.99609375,1,True,True,9,7,6,9,5,0.9970456957817078,0.0027532579842954874,0.037106990814208984,0.11941896544562446,1.111877679824829,corrected,True,"[(7, 6)]"
hexasudoku_16x16,82,120,unsat,0.99609375,1,True,True,2,5,10,6,16,0.7333056926727295,0.26646363735198975,0.03678393363952637,0.21496140956878662,0.4667067527770996,corrected,True,"[(5, 10)]"
hexasudoku_16x16,83,120,unsat,0.9921875,2,True,False,50,,,,,,,0.03598213195800781,0.03536066055297851,1.8040151596069336,uncorrectable,False,"[(7, 9), (12, 0)]"
hexasudoku_16x16,84,120,unsat,0.98046875,5,True,False,50,,,,,,,0.03467917442321777,0.03862558364868164,1.9659583568572998,uncorrectable,False,"[(2, 8), (4, 8), (10, 13), (12, 1), (14, 4)]"
hexasudoku_16x16,85,120,unsat,0.9921875,2,True,False,50,,,,,,,0.04088711738586426,0.041666202545166016,2.124197244644165,uncorrectable,False,"[(5, 10), (10, 10)]"
hexasudoku_16x16,86,120,unsat,0.99609375,1,True,True,3,12,5,3,5,0.9539233446121216,0.04607655107975006,0.03607487678527832,0.5562922159830729,1.704951524734497,corrected,True,"[(12, 5)]"
hexasudoku_16x16,87,120,unsat,0.99609375,1,True,True,2,7,13,12,14,0.8682866096496582,0.1278524249792099,0.035028934478759766,0.19325244426727295,0.42153382301330566,corrected,True,"[(7, 13)]"
hexasudoku_16x16,88,120,unsat,0.98828125,3,True,False,50,,,,,,,0.03558230400085449,0.03405773162841797,1.738468885421753,uncorrectable,False,"[(2, 12), (6, 10), (8, 14)]"
hexasudoku_16x16,89,120,unsat,0.9921875,2,True,False,50,,,,,,,0.0361018180847168,0.03445862293243408,1.759032964706421,uncorrectable,False,"[(3, 3), (4, 9)]"
hexasudoku_16x16,90,120,solved,1.0,0,False,False,0,,,,,,,0.6457312107086182,0,0.6457312107086182,solved,True,[]
hexasudoku_16x16,91,120,unsat,0.9921875,2,True,False,50,,,,,,,0.03673076629638672,0.0385106372833252,1.9622626304626465,uncorrectable,False,"[(11, 10), (15, 15)]"
hexasudoku_16x16,92,120,unsat,0.98828125,3,True,False,50,,,,,,,0.03495502471923828,0.0346637487411499,1.7681424617767334,uncorrectable,False,"[(0, 9), (9, 3), (11, 11)]"
hexasudoku_16x16,93,120,solved,1.0,0,False,False,0,,,,,,,0.6261742115020752,0,0.6261742115020752,solved,True,[]
hexasudoku_16x16,94,120,unsat,0.9921875,2,True,False,50,,,,,,,0.034728050231933594,0.03363845348358154,1.7166507244110107,uncorrectable,False,"[(0, 2), (13, 11)]"
hexasudoku_16x16,95,120,unsat,0.9921875,2,True,False,50,,,,,,,0.03635001182556152,0.035840744972229006,1.8283872604370117,uncorrectable,False,"[(3, 0), (6, 7)]"
hexasudoku_16x16,96,120,unsat,0.9765625,6,True,False,50,,,,,,,0.03480076789855957,0.035008392333984374,1.7852203845977783,uncorrectable,False,"[(2, 11), (4, 9), (10, 5), (11, 4), (12, 13), (15, 3)]"
hexasudoku_16x16,97,120,unsat,0.98828125,3,True,False,50,,,,,,,0.03587484359741211,0.03440009593963623,1.7558796405792236,uncorrectable,False,"[(1, 6), (7, 10), (14, 13)]"
hexasudoku_16x16,98,120,unsat,0.9921875,2,True,False,50,,,,,,,0.04053807258605957,0.06508978843688965,3.295027494430542,uncorrectable,False,"[(8, 12), (13, 0)]"
hexasudoku_16x16,99,120,unsat,0.9921875,2,True,False,50,,,,,,,0.035418033599853516,0.03376504898071289,1.723670482635498,uncorrectable,False,"[(2, 8), (14, 12)]"
